1,James,Smith,James.Smith@dev-test.called.app
2,Robert,Johnson,Robert.Johnson@dev-test.called.app
3,John,Williams,John.Williams@dev-test.called.app
4,Michael,Brown,Michael.Brown@dev-test.called.app
5,David,Jones,David.Jones@dev-test.called.app
6,William,Garcia,William.Garcia@dev-test.called.app
7,Richard,Miller,Richard.Miller@dev-test.called.app
8,Joseph,Davis,Joseph.Davis@dev-test.called.app
9,Thomas,Rodriguez,Thomas.Rodriguez@dev-test.called.app
10,Christopher,Martinez,Christopher.Martinez@dev-test.called.app
11,Charles,Hernandez,Charles.Hernandez@dev-test.called.app
12,Daniel,Lopez,Daniel.Lopez@dev-test.called.app
13,Matthew,Gonzalez,Matthew.Gonzalez@dev-test.called.app
14,Anthony,Wilson,Anthony.Wilson@dev-test.called.app
15,Mark,Anderson,Mark.Anderson@dev-test.called.app
16,Steven,Taylor,Steven.Taylor@dev-test.called.app
17,Andrew,Moore,Andrew.Moore@dev-test.called.app
18,Paul,Jackson,Paul.Jackson@dev-test.called.app
19,Joshua,Martin,Joshua.Martin@dev-test.called.app
20,Kenneth,Lee,Kenneth.Lee@dev-test.called.app
21,Kevin,Perez,Kevin.Perez@dev-test.called.app
22,Brian,Thompson,Brian.Thompson@dev-test.called.app
23,George,White,George.White@dev-test.called.app
24,Timothy,Harris,Timothy.Harris@dev-test.called.app
25,Ronald,Sanchez,Ronald.Sanchez@dev-test.called.app
26,Jason,Clark,Jason.Clark@dev-test.called.app
27,Edward,Ramirez,Edward.Ramirez@dev-test.called.app
28,Jeffrey,Lewis,Jeffrey.Lewis@dev-test.called.app
29,Ryan,Robinson,Ryan.Robinson@dev-test.called.app
30,Jacob,Walker,Jacob.Walker@dev-test.called.app
31,Gary,Young,Gary.Young@dev-test.called.app
32,Nicholas,Allen,Nicholas.Allen@dev-test.called.app
33,Eric,King,Eric.King@dev-test.called.app
34,Jonathan,Wright,Jonathan.Wright@dev-test.called.app
35,Stephen,Scott,Stephen.Scott@dev-test.called.app
36,Larry,Torres,Larry.Torres@dev-test.called.app
37,Justin,Nguyen,Justin.Nguyen@dev-test.called.app
38,Scott,Hill,Scott.Hill@dev-test.called.app
39,Brandon,Flores,Brandon.Flores@dev-test.called.app
40,Benjamin,Green,Benjamin.Green@dev-test.called.app
41,Samuel,Adams,Samuel.Adams@dev-test.called.app
42,Gregory,Nelson,Gregory.Nelson@dev-test.called.app
43,Alexander,Baker,Alexander.Baker@dev-test.called.app
44,Patrick,Hall,Patrick.Hall@dev-test.called.app
45,Frank,Rivera,Frank.Rivera@dev-test.called.app
46,Raymond,Campbell,Raymond.Campbell@dev-test.called.app
47,Jack,Mitchell,Jack.Mitchell@dev-test.called.app
48,Dennis,Carter,Dennis.Carter@dev-test.called.app
49,Jerry,Roberts,Jerry.Roberts@dev-test.called.app
50,Tyler,Gomez,Tyler.Gomez@dev-test.called.app
51,Aaron,Phillips,Aaron.Phillips@dev-test.called.app
52,Jose,Evans,Jose.Evans@dev-test.called.app
53,Adam,Turner,Adam.Turner@dev-test.called.app
54,Nathan,Diaz,Nathan.Diaz@dev-test.called.app
55,Henry,Parker,Henry.Parker@dev-test.called.app
56,Zachary,Cruz,Zachary.Cruz@dev-test.called.app
57,Douglas,Edwards,Douglas.Edwards@dev-test.called.app
58,Peter,Collins,Peter.Collins@dev-test.called.app
59,Kyle,Reyes,Kyle.Reyes@dev-test.called.app
60,Noah,Stewart,Noah.Stewart@dev-test.called.app
61,Ethan,Morris,Ethan.Morris@dev-test.called.app
62,Jeremy,Morales,Jeremy.Morales@dev-test.called.app
63,Walter,Murphy,Walter.Murphy@dev-test.called.app
64,Christian,Cook,Christian.Cook@dev-test.called.app
65,Keith,Rogers,Keith.Rogers@dev-test.called.app
66,Roger,Gutierrez,Roger.Gutierrez@dev-test.called.app
67,Terry,Ortiz,Terry.Ortiz@dev-test.called.app
68,Austin,Morgan,Austin.Morgan@dev-test.called.app
69,Sean,Cooper,Sean.Cooper@dev-test.called.app
70,Gerald,Peterson,Gerald.Peterson@dev-test.called.app
71,Carl,Bailey,Carl.Bailey@dev-test.called.app
72,Harold,Reed,Harold.Reed@dev-test.called.app
73,Dylan,Kelly,Dylan.Kelly@dev-test.called.app
74,Arthur,Howard,Arthur.Howard@dev-test.called.app
75,Lawrence,Ramos,Lawrence.Ramos@dev-test.called.app
76,Jordan,Kim,Jordan.Kim@dev-test.called.app
77,Jesse,Cox,Jesse.Cox@dev-test.called.app
78,Bryan,Ward,Bryan.Ward@dev-test.called.app
79,Billy,Richardson,Billy.Richardson@dev-test.called.app
80,Bruce,Watson,Bruce.Watson@dev-test.called.app
81,Gabriel,Brooks,Gabriel.Brooks@dev-test.called.app
82,Joe,Chavez,Joe.Chavez@dev-test.called.app
83,Logan,Wood,Logan.Wood@dev-test.called.app
84,Alan,James,Alan.James@dev-test.called.app
85,Juan,Bennett,Juan.Bennett@dev-test.called.app
86,Albert,Gray,Albert.Gray@dev-test.called.app
87,Willie,Mendoza,Willie.Mendoza@dev-test.called.app
88,Elijah,Ruiz,Elijah.Ruiz@dev-test.called.app
89,Wayne,Hughes,Wayne.Hughes@dev-test.called.app
90,Randy,Price,Randy.Price@dev-test.called.app
91,Vincent,Alvarez,Vincent.Alvarez@dev-test.called.app
92,Mason,Castillo,Mason.Castillo@dev-test.called.app
93,Roy,Sanders,Roy.Sanders@dev-test.called.app
94,Ralph,Patel,Ralph.Patel@dev-test.called.app
95,Bobby,Myers,Bobby.Myers@dev-test.called.app
96,Russell,Long,Russell.Long@dev-test.called.app
97,Bradley,Ross,Bradley.Ross@dev-test.called.app
98,Philip,Foster,Philip.Foster@dev-test.called.app
99,Eugene,Jimenez,Eugene.Jimenez@dev-test.called.app
100,Mary,Powell,Mary.Powell@dev-test.called.app
101,Patricia,Jenkins,Patricia.Jenkins@dev-test.called.app
102,Jennifer,Perry,Jennifer.Perry@dev-test.called.app
103,Linda,Russell,Linda.Russell@dev-test.called.app
104,Elizabeth,Sullivan,Elizabeth.Sullivan@dev-test.called.app
105,Barbara,Bell,Barbara.Bell@dev-test.called.app
106,Susan,Coleman,Susan.Coleman@dev-test.called.app
107,Jessica,Butler,Jessica.Butler@dev-test.called.app
108,Sarah,Henderson,Sarah.Henderson@dev-test.called.app
109,Karen,Barnes,Karen.Barnes@dev-test.called.app
110,Lisa,Gonzales,Lisa.Gonzales@dev-test.called.app
111,Nancy,Fisher,Nancy.Fisher@dev-test.called.app
112,Betty,Vasquez,Betty.Vasquez@dev-test.called.app
113,Sandra,Simmons,Sandra.Simmons@dev-test.called.app
114,Margaret,Romero,Margaret.Romero@dev-test.called.app
115,Ashley,Jordan,Ashley.Jordan@dev-test.called.app
116,Kimberly,Patterson,Kimberly.Patterson@dev-test.called.app
117,Emily,Alexander,Emily.Alexander@dev-test.called.app
118,Donna,Hamilton,Donna.Hamilton@dev-test.called.app
119,Michelle,Graham,Michelle.Graham@dev-test.called.app
120,Carol,Reynolds,Carol.Reynolds@dev-test.called.app
121,Amanda,Griffin,Amanda.Griffin@dev-test.called.app
122,Melissa,Wallace,Melissa.Wallace@dev-test.called.app
123,Deborah,Moreno,Deborah.Moreno@dev-test.called.app
124,Stephanie,West,Stephanie.West@dev-test.called.app
125,Dorothy,Cole,Dorothy.Cole@dev-test.called.app
126,Rebecca,Hayes,Rebecca.Hayes@dev-test.called.app
127,Sharon,Bryant,Sharon.Bryant@dev-test.called.app
128,Laura,Herrera,Laura.Herrera@dev-test.called.app
129,Cynthia,Gibson,Cynthia.Gibson@dev-test.called.app
130,Amy,Ellis,Amy.Ellis@dev-test.called.app
131,Kathleen,Tran,Kathleen.Tran@dev-test.called.app
132,Angela,Medina,Angela.Medina@dev-test.called.app
133,Shirley,Aguilar,Shirley.Aguilar@dev-test.called.app
134,Brenda,Stevens,Brenda.Stevens@dev-test.called.app
135,Emma,Murray,Emma.Murray@dev-test.called.app
136,Anna,Ford,Anna.Ford@dev-test.called.app
137,Pamela,Castro,Pamela.Castro@dev-test.called.app
138,Nicole,Marshall,Nicole.Marshall@dev-test.called.app
139,Samantha,Owens,Samantha.Owens@dev-test.called.app
140,Katherine,Harrison,Katherine.Harrison@dev-test.called.app
141,Christine,Fernandez,Christine.Fernandez@dev-test.called.app
142,Helen,Mcdonald,Helen.Mcdonald@dev-test.called.app
143,Debra,Woods,Debra.Woods@dev-test.called.app
144,Rachel,Washington,Rachel.Washington@dev-test.called.app
145,Carolyn,Kennedy,Carolyn.Kennedy@dev-test.called.app
146,Janet,Wells,Janet.Wells@dev-test.called.app
147,Maria,Vargas,Maria.Vargas@dev-test.called.app
148,Catherine,Henry,Catherine.Henry@dev-test.called.app
149,Heather,Chen,Heather.Chen@dev-test.called.app
150,Diane,Freeman,Diane.Freeman@dev-test.called.app
151,Olivia,Webb,Olivia.Webb@dev-test.called.app
152,Julie,Tucker,Julie.Tucker@dev-test.called.app
153,Joyce,Guzman,Joyce.Guzman@dev-test.called.app
154,Victoria,Burns,Victoria.Burns@dev-test.called.app
155,Ruth,Crawford,Ruth.Crawford@dev-test.called.app
156,Virginia,Olson,Virginia.Olson@dev-test.called.app
157,Lauren,Simpson,Lauren.Simpson@dev-test.called.app
158,Kelly,Porter,Kelly.Porter@dev-test.called.app
159,Christina,Hunter,Christina.Hunter@dev-test.called.app
160,Joan,Gordon,Joan.Gordon@dev-test.called.app
161,Evelyn,Mendez,Evelyn.Mendez@dev-test.called.app
162,Judith,Silva,Judith.Silva@dev-test.called.app
163,Andrea,Shaw,Andrea.Shaw@dev-test.called.app
164,Hannah,Snyder,Hannah.Snyder@dev-test.called.app
165,Megan,Mason,Megan.Mason@dev-test.called.app
166,Cheryl,Dixon,Cheryl.Dixon@dev-test.called.app
167,Jacqueline,Muñoz,Jacqueline.Muñoz@dev-test.called.app
168,Martha,Hunt,Martha.Hunt@dev-test.called.app
169,Madison,Hicks,Madison.Hicks@dev-test.called.app
170,Teresa,Holmes,Teresa.Holmes@dev-test.called.app
171,Gloria,Palmer,Gloria.Palmer@dev-test.called.app
172,Sara,Wagner,Sara.Wagner@dev-test.called.app
173,Janice,Black,Janice.Black@dev-test.called.app
174,Ann,Robertson,Ann.Robertson@dev-test.called.app
175,Kathryn,Boyd,Kathryn.Boyd@dev-test.called.app
176,Abigail,Rose,Abigail.Rose@dev-test.called.app
177,Sophia,Stone,Sophia.Stone@dev-test.called.app
178,Frances,Salazar,Frances.Salazar@dev-test.called.app
179,Jean,Fox,Jean.Fox@dev-test.called.app
180,Alice,Warren,Alice.Warren@dev-test.called.app
181,Judy,Mills,Judy.Mills@dev-test.called.app
182,Isabella,Meyer,Isabella.Meyer@dev-test.called.app
183,Julia,Rice,Julia.Rice@dev-test.called.app
184,Grace,Schmidt,Grace.Schmidt@dev-test.called.app
185,Amber,Garza,Amber.Garza@dev-test.called.app
186,Denise,Daniels,Denise.Daniels@dev-test.called.app
187,Danielle,Ferguson,Danielle.Ferguson@dev-test.called.app
188,Marilyn,Nichols,Marilyn.Nichols@dev-test.called.app
189,Beverly,Stephens,Beverly.Stephens@dev-test.called.app
190,Charlotte,Soto,Charlotte.Soto@dev-test.called.app
191,Natalie,Weaver,Natalie.Weaver@dev-test.called.app
192,Theresa,Ryan,Theresa.Ryan@dev-test.called.app
193,Diana,Gardner,Diana.Gardner@dev-test.called.app
194,Brittany,Payne,Brittany.Payne@dev-test.called.app
195,Doris,Grant,Doris.Grant@dev-test.called.app
196,Kayla,Dunn,Kayla.Dunn@dev-test.called.app
197,Alexis,Kelley,Alexis.Kelley@dev-test.called.app
198,Lori,Spencer,Lori.Spencer@dev-test.called.app
199,Marie,Hawkins,Marie.Hawkins@dev-test.called.app
